,Date,Adilabad_Temp,Adilabad_Upper_Limit,Adilabad_Lower_Limit,Adilabad_HeatWave,Karimnagar_Temp,Karimnagar_Upper_Limit,Karimnagar_Lower_Limit,Karimnagar_HeatWave,Khammam_Temp,Khammam_Upper_Limit,Khammam_Lower_Limit,Khammam_HeatWave,Nizamabad_Temp,Nizamabad_Upper_Limit,Nizamabad_Lower_Limit,Nizamabad_HeatWave,Warangal_Temp,Warangal_Upper_Limit,Warangal_Lower_Limit,Warangal_HeatWave
0,30-09-2022,31.88487,35.22321547,28.54652559,0,32.052147,34.55493426,29.54935957,0,34.98861,37.31049676,32.66672187,0,31.20318,34.4497361,27.95662452,0,35.300175,43.96132661,26.63902282,2
1,01-10-2022,31.881838,35.22003077,28.54364492,0,32.052452,34.55512546,29.54977871,0,34.960014,37.28179606,32.63823263,0,31.494152,34.74056002,28.24774412,0,35.32218,43.9829392,26.66142421,2
2,02-10-2022,31.860432,35.19847342,28.52238992,0,31.891212,34.3937725,29.38865242,0,34.78039,37.10206826,32.45871512,0,31.332174,34.57843523,28.08591337,0,35.229443,43.88980788,26.56907732,2
3,03-10-2022,31.859539,35.19743045,28.52164762,0,31.791256,34.29370328,29.28880862,0,34.11665,36.43822164,31.79507762,0,30.792437,34.03855133,27.54632187,0,35.412605,44.07258054,26.75263003,2
4,04-10-2022,31.841833,35.17957504,28.50409119,0,31.74349,34.24582548,29.24115496,0,34.299465,36.62093322,31.97799714,0,31.226112,34.47208172,27.98014301,0,35.498085,44.15767243,26.83849761,2
5,05-10-2022,31.842506,35.18009969,28.50491313,0,31.64918,34.15140328,29.14695564,0,34.78129,37.1026528,32.4599235,0,30.764301,34.0101261,27.5184765,0,35.534504,44.19370569,26.87530218,2
6,06-10-2022,31.836533,35.17397807,28.49908712,0,31.744595,34.24670758,29.24248157,0,34.83468,37.1559405,32.5134168,0,30.663574,33.90925527,27.41789316,0,35.546154,44.20497231,26.88733574,2
7,07-10-2022,31.83397,35.17126763,28.4966706,0,32.14865,34.65065395,29.64664829,0,34.69302,37.0141795,32.37186023,0,31.197336,34.44287433,27.95179806,0,35.405117,44.06355404,26.74668003,2
8,08-10-2022,31.837177,35.17432967,28.50002488,0,31.824493,34.32638669,29.32260012,0,34.84458,37.16563961,32.5235236,0,30.748667,33.9940628,27.50327073,0,35.7082,44.36625645,27.05014064,2
9,09-10-2022,31.845053,35.18205984,28.5080456,0,32.163414,34.66519837,29.66162963,0,34.999226,37.32018258,32.67826865,0,30.978416,34.2236712,27.73316169,0,35.4576,44.11528064,26.79991864,2
10,10-10-2022,31.840738,35.17760099,28.50387561,0,32.019848,34.52152396,29.51817178,0,34.664486,36.98534244,32.34362942,0,31.516987,34.76210114,28.27187255,0,35.385326,44.04263267,26.7280201,2
11,11-10-2022,31.852573,35.1892925,28.51585429,0,31.916702,34.41827071,29.41513383,0,34.676964,36.99772045,32.35620716,0,31.54771,34.79268507,28.30273576,0,35.30843,43.96536347,26.65149597,2
12,12-10-2022,31.853142,35.18971814,28.51656543,0,31.872614,34.37407533,29.37115248,0,34.736664,37.05732118,32.41600646,0,30.783087,34.02792261,27.53825094,0,35.409527,44.06609023,26.75296342,2
13,13-10-2022,31.903484,35.2399188,28.56704989,0,32.26352,34.76487433,29.76216425,0,35.03164,37.35219776,32.71108043,0,30.34477,33.58946827,27.1000726,0,35.452198,44.10839328,26.79600278,2
14,14-10-2022,31.892056,35.22834891,28.55576211,0,32.715588,35.2168369,30.21433833,0,35.3052,37.62565923,32.98473811,0,30.492462,33.73702281,27.2479015,0,35.36462,44.0204495,26.70879092,2
15,15-10-2022,31.863876,35.20002953,28.52772316,0,32.96042,35.46156287,30.45927453,0,35.15414,37.47450351,32.83377744,0,30.988178,34.23260255,27.74375395,0,35.602947,44.25841275,26.94748172,2
16,16-10-2022,31.851704,35.18771746,28.51568983,0,32.90909,35.41012782,30.40804845,0,35.5953,37.91556487,33.27503267,0,31.780111,35.02440007,28.53582255,0,35.64249,44.29759431,26.98738646,2
17,17-10-2022,31.860025,35.1959007,28.52415011,0,33.11648,35.61741761,30.61554595,0,35.538383,37.85855324,33.21821373,0,30.486454,33.73060805,27.24229997,0,35.761425,44.41616955,27.10668049,2
18,18-10-2022,31.884518,35.22025528,28.54878006,0,33.075356,35.57618814,30.57452292,0,35.616604,37.93667785,33.29652986,0,30.216267,33.46028678,26.97224648,0,35.694195,44.34858212,27.03980747,2
19,19-10-2022,31.919113,35.25471393,28.58351239,0,33.224304,35.72503422,30.72357418,0,35.572968,37.89294635,33.25298871,0,30.152761,33.39664853,26.90887438,0,35.73928,44.39331301,27.08524839,2
20,20-10-2022,31.881762,35.21722633,28.54629677,0,33.144817,35.64544542,30.64418929,0,35.419086,37.73897069,33.09920222,0,30.460352,33.70410677,27.21659712,0,35.878418,44.53209745,27.22473849,2
21,21-10-2022,31.858921,35.19425068,28.52359142,0,32.90299,35.40351518,30.40246169,0,35.67392,37.99370991,33.35412944,0,30.601223,33.84484638,27.3575996,0,36.01402,44.66734786,27.36069016,2
22,22-10-2022,32.015873,35.35106828,28.68067763,0,33.045174,35.5455997,30.54474759,0,36.10944,38.42913668,33.78974302,0,29.755585,32.9990775,26.51209194,0,36.139324,44.79230459,27.48634378,2
23,23-10-2022,32.02435,35.35941108,28.68928734,0,33.778656,36.278982,31.27833001,0,35.97216,38.29176434,33.65255634,0,29.639477,32.88283976,26.39611379,0,36.48586,45.13849307,27.83322476,2
24,24-10-2022,32.010334,35.34526327,28.67540476,0,33.34605,35.84627684,30.84582369,0,35.545967,37.86547887,33.22645534,0,29.672634,32.91586815,26.4294001,0,36.6178,45.27009176,27.96551157,2
25,25-10-2022,32.091522,35.4263197,28.75672473,0,33.83004,36.33016777,31.32991219,0,35.060284,37.37970378,32.74086354,0,29.428684,32.67179011,26.18557836,0,36.52031,45.17225767,27.86836122,2
26,26-10-2022,32.21608,35.55074627,28.88141315,0,34.31995,36.81997974,31.81992047,0,35.604206,37.92353514,33.28487703,0,29.15513,32.39810894,25.91215184,0,36.428547,45.08015545,27.77693836,2
27,27-10-2022,32.246265,35.58080189,28.91172893,0,34.42128,36.92121202,31.9213478,0,35.220016,37.53925506,32.90077789,0,29.069788,32.31264003,25.82693593,0,36.187912,44.83918305,27.53664092,2
28,28-10-2022,32.00478,35.33918706,28.67037257,0,33.469868,35.96970293,30.97003248,0,35.067944,37.38709227,32.74879487,0,29.827059,33.06978516,26.58433243,0,36.10739,44.75832713,27.45645558,2
29,29-10-2022,32.092567,35.4268463,28.75828858,0,33.4559,35.95563725,30.95615932,0,35.3006,37.61965755,32.98153874,0,29.186073,32.42867481,25.94347179,0,35.940945,44.59154735,27.29034199,2
30,30-10-2022,32.22615,35.56030183,28.8919992,0,34.06744,36.56708338,31.56779669,0,36.530823,38.84979345,34.21185206,0,28.809587,32.05206495,25.56711001,0,35.7925,44.44277132,27.14222777,2
31,31-10-2022,32.227734,35.56175823,28.89370899,0,34.010845,36.51039355,31.51129682,0,36.86171,39.18059217,34.54282702,1,28.678637,31.92099081,25.43628229,0,35.59075,44.24069471,26.94080859,2
32,01-11-2022,32.170918,35.50481628,28.83701874,0,34.07661,36.57606457,31.57715656,0,36.588734,38.90752871,34.26993863,1,28.63753,31.87976124,25.39529751,0,35.522446,44.17206222,26.87282913,2
33,02-11-2022,31.944944,35.27871814,28.61117062,0,33.802605,36.30196496,31.30324439,0,35.413292,37.73200003,33.09458384,0,29.351185,32.59329514,26.10907455,0,35.401863,44.05115532,26.75257088,2
34,03-11-2022,31.853283,35.18693253,28.51963333,0,32.752815,35.25208245,30.25354804,0,35.075703,37.39432441,32.75708093,0,30.086168,33.32815784,26.84417874,0,35.528362,44.17733237,26.87939218,2
35,04-11-2022,31.860115,35.19364133,28.52658877,0,32.642498,35.14167277,30.14332326,0,35.84798,38.16651647,33.52944453,0,30.013805,33.25567501,26.77193577,0,35.08704,43.73569011,26.43838979,2
36,05-11-2022,31.88777,35.22117351,28.55436589,0,33.017456,35.51653899,30.51837312,0,35.894592,38.21304308,33.57614149,0,29.925081,33.16683177,26.68333073,0,34.78383,43.43216115,26.13549632,2
37,06-11-2022,31.869616,35.20289775,28.53633336,0,33.10761,35.60660055,30.60861704,0,35.173706,37.49207225,32.85533986,0,30.27471,33.51634194,27.03307746,0,34.618145,43.26616186,25.97012812,2
38,07-11-2022,31.850477,35.18363863,28.51731581,0,32.956253,35.45515426,30.45735184,0,35.543056,37.86133868,33.22477429,0,30.016582,33.25809728,26.7750677,0,34.6367,43.2844032,25.98899615,2
39,08-11-2022,31.855698,35.18873911,28.52265615,0,32.880157,35.37896877,30.38134618,0,35.761383,38.07958184,33.44318427,1,30.188063,33.42946082,26.94666451,0,34.305195,42.95258723,25.65780248,2
40,09-11-2022,31.838058,35.17098087,28.50513607,0,32.601303,35.10002512,30.10258108,0,35.16644,37.48455501,32.8483231,0,30.764404,34.00568664,27.52312195,0,34.341297,42.98838056,25.69421374,2
41,10-11-2022,31.819525,35.15232892,28.48672061,0,32.784935,35.28356837,30.28630163,0,35.32641,37.64444211,33.00837467,0,30.566494,33.80766134,27.32532663,0,34.18487,42.83164832,25.53809502,2
42,11-11-2022,31.818512,35.15119873,28.48582519,0,33.393135,35.89168043,30.89458971,0,35.52577,37.84372035,33.20781621,0,30.67056,33.91161403,27.42950765,0,34.00746,42.65393363,25.36098946,2
43,12-11-2022,31.826311,35.15888133,28.49374089,0,33.130157,35.62861546,30.63169948,0,35.53375,37.85161964,33.21587762,0,30.591555,33.83249449,27.35061479,0,33.94461,42.59078031,25.29844088,2
44,13-11-2022,31.861082,35.1935366,28.52862755,0,32.56731,35.06568158,30.06893909,0,35.2669,37.58468965,32.94910857,0,30.036963,33.27778984,26.79613518,0,33.53015,42.17602091,24.88428183,2
45,14-11-2022,31.884714,35.2170538,28.55237445,0,33.400593,35.89887795,30.90230766,0,35.143356,37.46106698,32.82564566,0,29.565044,32.80576004,26.32432876,0,33.58248,42.22805295,24.93690982,2
46,15-11-2022,31.899637,35.23186289,28.56741155,0,33.677273,36.17547247,31.17907312,0,35.376743,37.69437468,33.05911195,0,29.121067,32.36167182,25.88046228,0,33.5837,42.22897406,24.93842249,2
47,16-11-2022,31.851725,35.18383713,28.51961211,0,34.4035,36.90161444,31.90538477,0,35.039078,37.35663042,32.7215251,0,30.251614,33.49210834,27.01111889,0,33.5057,42.15068136,24.86071696,2
48,17-11-2022,31.819448,35.15144867,28.48744827,0,32.705074,35.20310495,30.20704367,0,34.464878,36.78235263,32.14740353,0,30.558018,33.79840323,27.31763223,0,33.39638,42.0410722,24.75169056,2
49,18-11-2022,31.8162,35.14808899,28.48431152,0,31.904747,34.40269408,29.40679994,0,34.68119,36.99858751,32.36379347,0,30.288,33.52827721,27.04772301,0,33.596897,42.24129876,24.95249549,2
50,19-11-2022,31.812746,35.14452417,28.48096793,0,32.409832,34.90769614,29.91196786,0,34.758045,37.07536528,32.44072511,0,29.793934,33.03410339,26.55376434,0,33.198208,41.8423225,24.55409321,2
51,20-11-2022,31.813995,35.14566371,28.48232701,0,32.750156,35.24793825,30.25237456,0,35.47297,37.79021279,33.15572532,0,30.414875,33.65493781,27.17481226,0,33.142597,41.78642705,24.49876735,2
52,21-11-2022,31.919025,35.25058485,28.58746599,0,32.45426,34.95196196,29.95656159,0,35.987743,38.30491136,33.6705754,1,29.458319,32.69827556,26.21836186,0,32.844566,41.4881136,24.20101909,2
53,22-11-2022,31.950329,35.28178018,28.61887747,0,32.704247,35.20186568,30.20662736,0,36.04696,38.36405174,33.72986611,1,29.00712,32.24697188,25.76726839,0,32.866676,41.5099432,24.22340947,2
54,23-11-2022,31.964687,35.29603147,28.63334322,0,32.813065,35.31060335,30.3155258,0,35.89192,38.20893642,33.57489995,1,28.803885,32.04363197,25.56413704,0,32.762787,41.40577554,24.11979819,2
55,24-11-2022,31.978481,35.30971904,28.64724355,0,32.79368,35.2911373,30.29621927,0,35.646244,37.9631883,33.3292998,1,28.766552,32.00619598,25.52690796,0,32.768295,41.41100796,24.12558261,2
56,25-11-2022,31.993261,35.32439355,28.66212912,0,33.092815,35.5901953,30.5954355,0,35.835014,38.15188519,33.5181435,1,28.664825,31.90436682,25.42528406,0,32.54752,41.18995856,23.90508081,2
57,26-11-2022,31.980057,35.31108429,28.64902923,0,33.468185,35.96548684,30.97088401,0,36.202843,38.51964075,33.88604468,1,28.688858,31.92829761,25.44941846,0,32.886253,41.52842064,24.24408608,2
58,27-11-2022,31.968567,35.29949059,28.6376432,0,33.273354,35.77057715,30.77613001,0,35.964878,38.2816039,33.64815227,1,28.765072,32.00441046,25.52573328,0,32.901466,41.54336425,24.25956849,2
59,28-11-2022,31.945642,35.27646318,28.61482177,1,33.196587,35.69373297,30.69944025,0,36.17264,38.48929594,33.85598757,1,28.77292,32.01215905,25.53368217,0,32.750053,41.39168409,24.10842272,2
60,29-11-2022,31.948914,35.27963214,28.61819501,1,32.983887,35.4809565,30.48681694,0,36.709167,39.02575063,34.39258433,1,28.857992,32.09713128,25.61885307,0,33.055237,41.69660251,24.41387113,2
61,30-11-2022,31.914486,35.2451032,28.58386866,1,33.053402,35.55039579,30.5564081,0,36.30005,38.61656152,33.98353613,1,29.147303,32.38634323,25.90826203,0,32.653713,41.29481612,24.01261033,2
62,01-12-2022,31.88282,35.21333696,28.5523033,1,32.792988,35.28990636,30.29606928,0,36.019318,38.33576046,33.70287479,1,29.34601,32.58495312,26.10706729,0,32.4591,41.09994111,23.81825652,2
63,02-12-2022,31.858803,35.18922003,28.52838556,1,32.674786,35.17162949,30.17794174,0,35.780125,38.09649823,33.4637511,1,29.548117,32.78696274,26.30927063,0,32.35498,40.99556437,23.71439657,2
64,03-12-2022,31.843388,35.17370609,28.51306912,1,32.300663,34.79743283,29.80389315,0,35.662403,37.97870799,33.34609822,1,29.54671,32.78545909,26.30795903,0,32.306664,40.94699122,23.66633581,2
65,04-12-2022,31.821022,35.15124262,28.49080145,1,32.200138,34.69683454,29.70344165,0,35.75921,38.07544547,33.44297189,1,29.90455,33.14320537,26.66589573,0,32.011677,40.6517505,23.37160308,2
66,05-12-2022,31.820662,35.15078508,28.49053801,0,32.457985,34.95460861,29.96136124,0,35.971115,38.2872844,33.65494582,1,29.717916,32.95647693,26.47935605,0,31.77158,40.41140166,23.13175782,2
67,06-12-2022,31.82944,35.1594665,28.49941183,0,32.337013,34.83356481,29.84046168,0,35.31934,37.63544213,33.00323737,0,29.709356,32.94782319,26.47088943,0,31.491852,40.13142413,22.85227948,2
68,07-12-2022,31.833261,35.16319347,28.50332951,0,32.327,34.82347974,29.83051959,0,35.427246,37.74328215,33.11121003,0,29.518852,32.75722638,26.28047809,0,31.040588,39.67991332,22.40126344,2
69,08-12-2022,31.83196,35.16179815,28.5021232,0,32.180176,34.676585,29.68376656,0,35.2676,37.58357134,32.95163068,0,29.493177,32.73145966,26.25489517,0,31.045609,39.68468827,22.40652877,2
70,09-12-2022,31.843628,35.17337175,28.51388411,0,32.239338,34.73567693,29.74299891,0,35.3353,37.65120564,33.01939526,0,29.27372,32.51191095,26.03552863,0,30.95913,39.5979661,22.32029257,2
71,10-12-2022,31.866068,35.1957189,28.53641687,0,32.32638,34.82265111,29.83011225,0,35.693367,38.00920764,33.37752636,1,28.771118,32.00921907,25.53301726,0,30.840618,39.47921411,22.20202215,2
72,11-12-2022,31.924608,35.25416728,28.59504918,0,33.052044,35.5482444,30.55584343,0,36.5142,38.82997498,34.19842162,1,28.585012,31.82302391,25.34700096,0,30.561821,39.20017838,21.92346358,2
73,12-12-2022,31.93212,35.26158731,28.60265143,1,33.061787,35.55791883,30.56565447,1,36.846115,39.16182842,34.5304018,2,28.553204,31.79112645,25.31528071,0,30.6333,39.2714218,21.99517976,2
74,13-12-2022,31.921484,35.25086168,28.59210631,1,32.85275,35.34881338,30.35668436,1,36.555725,38.87137563,34.24007456,1,28.566664,31.80449883,25.32882865,0,30.408138,39.04602512,21.77025143,2
75,14-12-2022,31.895725,35.22501352,28.56643698,1,32.41271,34.90870576,29.9167108,0,36.153507,38.46909558,33.83791889,1,28.654316,31.89206409,25.41656781,0,30.442474,39.08012924,21.80481949,2
76,15-12-2022,31.867891,35.19709102,28.5386916,1,31.988789,34.48471969,29.49285752,0,35.868206,38.18373277,33.55267927,1,28.681107,31.91876858,25.44344456,0,29.92751,38.56493441,21.2900842,2
77,16-12-2022,31.86867,35.19778151,28.53955751,1,31.879042,34.374907,29.38317635,0,35.75698,38.07244664,33.44151515,1,28.647688,31.88526462,25.4101112,0,29.993984,38.63118176,21.35678669,2
78,17-12-2022,31.861855,35.19087969,28.53282942,1,32.084114,34.57991428,29.58831387,0,35.726143,38.04154821,33.41073755,1,28.672941,31.91043344,25.43544897,0,29.801199,38.43817113,21.16422679,2
79,18-12-2022,31.837616,35.16655509,28.50867685,1,32.310337,34.80607278,29.81460135,0,35.78108,38.09642384,33.46573283,1,28.831741,32.06914992,25.59433275,0,29.661444,38.29819272,21.0246947,2
80,19-12-2022,31.825222,35.15407597,28.49636806,1,32.171963,34.66763461,29.67629087,1,35.642868,37.95815431,33.32758177,1,28.936752,32.17407808,25.69942656,0,29.680758,38.31728558,21.04422946,2
81,20-12-2022,31.81726,35.14603038,28.4884911,1,32.09385,34.58945784,29.59824053,1,35.5447,37.85992825,33.229473,1,28.89745,32.13469326,25.66020573,0,29.765064,38.40137355,21.12875493,2
82,21-12-2022,31.817263,35.14594882,28.48857648,1,31.860205,34.35575078,29.36465862,1,35.27353,37.58869863,32.95835948,1,28.974941,32.21210385,25.73777866,0,29.70342,38.3395134,21.06732788,2
83,22-12-2022,29.419693,32.74829655,26.09108944,0,29.302155,31.79763868,26.8066704,0,31.821688,34.13679981,29.50657558,0,29.26567,32.50275303,26.02858853,0,29.957863,38.59374127,21.32198444,2
84,23-12-2022,27.83266,31.16118247,24.50413888,0,28.95399,31.44941378,26.45856809,0,31.459862,33.774917,29.14480651,0,29.10027,32.33727205,25.86326659,0,29.959545,38.59521141,21.32387886,2
85,24-12-2022,27.63365,30.9620907,24.30520895,0,28.954521,31.44988336,26.459159,0,31.493896,33.80889545,29.17889752,0,29.0489,32.28582464,25.81197656,0,29.846882,38.48233821,21.21142552,2
86,25-12-2022,27.809261,31.13762213,24.48090051,0,29.014381,31.50968356,26.51907926,0,31.397017,33.7119598,29.08207325,0,29.076164,32.31301042,25.83931807,0,29.977217,38.61246534,21.3419681,2
87,26-12-2022,27.872173,31.2004549,24.54389172,0,28.998154,31.49339645,26.50291093,0,31.54957,33.86445826,29.2346819,0,29.15884,32.39560932,25.92207104,0,30.139732,38.77477545,21.50468927,0
88,27-12-2022,28.425037,31.75324061,25.09683416,0,29.53535,32.03053481,27.04016679,0,31.900763,34.21559623,29.58592888,0,29.664856,32.90154888,26.42816303,0,30.2137,38.84853911,21.57885957,0
89,28-12-2022,29.265268,32.59339403,25.93714262,0,29.751963,32.24708856,27.25683677,0,32.028324,34.34310389,29.71354437,0,29.947441,33.18405864,26.71082356,0,30.547459,39.18209731,21.91281999,0
90,29-12-2022,29.966297,33.29434619,26.63824811,0,29.612082,32.10714994,27.11701311,0,31.909092,34.22381838,29.59436551,0,29.774918,33.01146058,26.53837462,0,30.626244,39.26068334,21.99180384,0
91,30-12-2022,28.600641,31.92861447,25.27266803,0,29.383661,31.87867285,26.8886497,0,31.500204,33.81487779,29.18553038,0,29.729559,32.96602819,26.4930897,0,30.478428,39.11267094,21.84418484,0
92,31-12-2022,27.957458,31.28535675,24.62956024,0,29.1882,31.68315537,26.69324463,0,31.401133,33.71575415,29.08651102,0,29.732634,32.96902993,26.49623725,0,30.504387,39.13843545,21.87033835,0
93,01-01-2023,28.097374,31.4251981,24.76954982,0,29.206593,31.70149237,26.71169275,0,31.445631,33.76020104,29.13106101,0,29.498905,32.73522944,26.26258092,0,30.347893,38.98174902,21.7140365,2
94,02-01-2023,28.53024,31.85798998,25.20248823,0,29.359911,31.85475584,26.86506609,0,31.529339,33.84385789,29.21481978,0,29.646065,32.88231777,26.40981175,0,30.408882,39.04254832,21.77521597,2
95,03-01-2023,28.682096,32.00977494,25.35441802,0,29.441612,31.93640283,26.94682166,0,31.677683,33.99215156,29.36321419,0,29.677956,32.91413821,26.44177304,0,30.515224,39.14870275,21.88174616,2
96,04-01-2023,28.409359,31.73696587,25.08175209,0,29.399508,31.89424446,26.90477059,0,32.058903,34.37332165,29.74448383,0,29.778906,33.01501886,26.54279288,0,30.513882,39.14717431,21.88058906,2
97,05-01-2023,27.991898,31.31943376,24.66436141,0,29.275675,31.77035874,26.7809909,0,31.851606,34.1659761,29.53723664,0,29.617643,32.85368757,26.38159914,0,30.65324,39.28634936,22.02013105,2
98,06-01-2023,28.173693,31.50115902,24.84622639,0,29.303204,31.79783512,26.80857204,0,31.673973,33.98829422,29.35965195,0,29.69862,32.93459612,26.46264357,0,30.524818,39.15774632,21.89189052,2
99,07-01-2023,28.401447,31.7288446,25.07405,0,29.465565,31.96014453,26.97098493,0,31.630024,33.94429709,29.31575082,0,29.86418,33.10008877,26.62827045,0,30.370403,39.00315214,21.73765444,2
100,08-01-2023,28.359035,31.68636463,25.03170636,0,29.539606,32.03413479,27.0450774,0,31.779957,34.09418255,29.46573109,0,29.922468,33.15831105,26.68662532,0,30.383774,39.0163458,21.7512018,2
101,09-01-2023,28.658842,31.98610391,25.33158026,0,29.613096,32.10757447,27.118618,0,31.735332,34.0495114,29.42115358,0,29.808443,33.04422048,26.57266566,0,29.969528,38.60192556,21.33713084,2
102,10-01-2023,29.307531,32.63472672,25.980336,0,29.729614,32.22404266,27.23518585,0,31.710876,34.02500915,29.39674378,0,30.253675,33.48938823,27.01796269,0,29.882448,38.51467313,21.25022327,2
103,11-01-2023,29.425385,32.75251427,26.09825477,0,30.064888,32.55926722,27.57050878,0,31.65407,33.96815695,29.33998285,0,30.485853,33.72150216,27.25020423,0,29.4953,38.127355,20.86324559,2
104,12-01-2023,28.421144,31.74820948,25.0940795,0,30.00004,32.49437072,27.50570939,0,32.03235,34.34639064,29.71830662,0,30.231657,33.46724301,26.99607104,0,29.60966,38.24154588,20.97777251,2
105,13-01-2023,28.42759,31.7545905,25.10058834,0,29.889738,32.38402083,27.39545533,0,32.487103,34.80110007,30.17310495,0,30.146273,33.38179649,26.91074882,0,29.64183,38.27355132,21.01010956,2
106,14-01-2023,29.393263,32.72020089,26.06632484,0,30.09271,32.58694597,27.59847502,0,32.022964,34.33691818,29.70901078,0,30.66175,33.8972133,27.42628828,0,29.604183,38.23574048,20.97262592,2
107,15-01-2023,29.542788,32.86966337,26.21591174,0,30.248066,32.74225479,27.75387711,0,31.947336,34.26124663,29.63342576,0,30.751175,33.98657694,27.51577291,0,29.762672,38.39406831,21.13127654,2
108,16-01-2023,29.665974,32.99278812,26.33915921,0,30.494104,32.98824722,27.99996155,0,31.934402,34.24827022,29.62053471,0,30.859571,34.0949138,27.62422911,0,29.628208,38.25944486,20.99697146,2
109,17-01-2023,29.777662,33.10441623,26.45090832,0,30.51107,33.00516773,28.01697277,0,32.186325,34.50015075,29.8724994,0,30.913542,34.1488253,27.67825829,0,29.680008,38.31108766,21.04892821,2
110,18-01-2023,30.313354,33.64004879,26.98666019,0,30.451073,32.94512545,27.95701994,0,32.361378,34.6751619,30.04759353,0,31.642565,34.87779026,28.40733929,0,29.848267,38.47919155,21.21734165,2
111,19-01-2023,30.546696,33.8733312,27.22006021,0,30.55972,33.05372775,28.06571042,0,32.3949,34.70864456,30.08115799,0,31.235655,34.47082313,28.00048653,0,29.967348,38.59812049,21.33657571,2
112,20-01-2023,29.858421,33.18499887,26.53184378,0,30.526146,33.02011116,28.03218071,0,32.46735,34.78105299,30.15364703,0,31.07234,34.30745195,27.83722807,0,30.047474,38.67809594,21.41685187,2
113,21-01-2023,29.010178,32.33669805,25.68365717,0,30.384403,32.87832564,27.89048082,0,32.632668,34.94633081,30.31900428,0,30.924343,34.15939952,27.6892867,0,30.348778,38.97925166,21.71830388,2
114,22-01-2023,28.63248,31.95894481,25.30601643,0,29.525122,32.01900193,27.03124145,0,32.47602,34.78964496,30.16239667,0,30.020287,33.25528827,26.78528485,0,30.180386,38.81071355,21.55005763,2
115,23-01-2023,28.038841,31.36525004,24.71243245,0,29.101427,31.59526579,26.60758837,0,32.063454,34.37703929,29.74986806,0,29.341047,32.57599512,26.10609945,0,29.991522,38.62170606,21.36133761,2
116,24-01-2023,27.972164,31.2985184,24.64580991,0,29.094984,31.58878187,26.60118624,0,31.814774,34.12832123,29.50122589,0,29.183187,32.41808227,25.9482927,0,29.9675,38.5975434,21.33745798,2
117,25-01-2023,27.950138,31.27643865,24.62383754,0,29.172165,31.66592248,26.67840736,0,31.703938,34.01744786,29.3904272,0,29.24784,32.48268345,26.01299831,0,30.100788,38.73069152,21.47088472,2
118,26-01-2023,28.166815,31.49306251,24.84056709,0,29.18454,31.67825774,26.69082185,0,31.570372,33.8838452,29.25689805,0,29.336775,32.571566,26.10198365,0,29.925354,38.5551203,21.2955877,2
119,27-01-2023,28.818205,32.1444006,25.49200916,0,29.66716,32.160839,27.17348107,0,31.720896,34.03433318,29.40745836,0,29.736328,32.97106874,26.50158751,0,30.342094,38.97172583,21.71246301,2
120,28-01-2023,28.799162,32.12530649,25.47301733,0,29.553593,32.0472333,27.05995206,0,31.808819,34.12222066,29.49541697,0,29.64167,32.87636111,26.40697935,0,30.2342,38.86369825,21.6047008,2
121,29-01-2023,28.05094,31.37703385,24.72484527,0,29.131798,31.62540071,26.63819487,0,31.796986,34.11035249,29.48361876,0,28.972342,32.20698351,25.73769956,0,30.145596,38.77496381,21.5162273,2
122,30-01-2023,27.861637,31.18768197,24.53559227,0,29.191133,31.68469936,26.69756764,0,31.791647,34.10497944,29.47831448,0,28.957048,32.19164231,25.72245452,0,30.135502,38.76474185,21.50626187,0
123,31-01-2023,28.107185,31.43318163,24.7811891,0,29.178244,31.67177307,26.68471421,0,31.914196,34.2274947,29.60089733,0,29.08662,32.32116698,25.85207369,0,30.249657,38.87877062,21.62054274,0
124,01-02-2023,28.455511,31.78145962,25.12956256,0,29.478573,31.97206649,26.9850792,0,31.9407,34.25396602,29.62743504,0,29.373877,32.6083768,26.13937635,0,30.193016,38.82200615,21.56402596,0
125,02-02-2023,28.971266,32.29716744,25.64536415,0,29.891396,32.38485406,27.39793707,0,32.009094,34.32232712,29.69586136,0,29.748215,32.98266935,26.51376009,0,30.216923,38.84579122,21.5880543,0
126,03-02-2023,29.455673,32.78152883,26.1298176,0,30.070356,32.56378036,27.57693238,0,32.130505,34.44370547,29.81730374,0,29.974434,33.20884376,26.74002403,0,30.185402,38.81415095,21.55665288,0
127,04-02-2023,30.247805,33.57361508,26.9219942,0,30.336445,32.82983497,27.84305474,0,32.00495,34.31812092,29.69178204,0,30.331844,33.56621026,27.0974784,0,30.05194,38.68057274,21.4233091,0
128,05-02-2023,30.88223,34.20799687,27.55646465,0,30.513824,33.00718135,28.02046758,0,32.191833,34.50497211,29.87869488,0,30.821459,34.05578164,27.587136,0,30.023518,38.65203443,21.39500079,0
129,06-02-2023,30.608797,33.93451971,27.28307444,0,30.679085,33.17240907,28.18576049,0,32.442516,34.7556247,30.12940795,0,31.483402,34.71768279,28.24912171,0,30.291046,38.91945017,21.66264212,0
130,07-02-2023,30.798384,34.12406372,27.4727037,0,30.97505,33.46834231,28.48175764,0,32.09791,34.41099056,29.78483311,0,31.268158,34.50239705,28.03391887,0,30.099266,38.72755949,21.47097261,0
131,08-02-2023,30.884796,34.21043438,27.5591579,0,30.61571,33.10897032,28.12244829,0,32.342846,34.65589559,30.02979624,0,30.512472,33.74667062,27.27827369,0,30.55088,39.1790655,21.92269537,0
132,09-02-2023,30.852003,34.17760042,27.52640578,0,30.350363,32.84359312,27.85713244,0,32.84267,35.15569166,30.52964923,0,30.30987,33.54402844,27.07571109,0,30.229916,38.85799452,21.60183672,0
133,10-02-2023,30.357618,33.68317559,27.03206108,0,30.434624,32.92782402,27.94142342,0,33.063343,35.3763364,30.7503497,0,29.278038,32.51215773,26.04391832,0,30.199997,38.8279719,21.572022,0
134,11-02-2023,30.515543,33.84106102,27.19002495,0,30.494576,32.9877464,28.0014046,0,32.690968,35.00393363,30.37800149,0,29.882639,33.1167205,26.64855736,0,30.41959,39.0474632,21.79171679,0
135,12-02-2023,30.563845,33.88932436,27.23836501,0,30.61217,33.10531141,28.11902713,0,32.97148,35.28442071,30.65854193,0,29.976841,33.21088523,26.74279671,0,30.567509,39.19528237,21.93973502,0
136,13-02-2023,29.87246,33.19790158,26.54701725,0,30.274023,32.76713707,27.78090904,0,32.808037,35.1209501,30.4951235,0,29.990473,33.22448057,26.75646501,0,30.173874,38.80155026,21.54619755,0
137,14-02-2023,30.109478,33.4348835,26.78407249,0,30.295824,32.78891058,27.80273752,0,32.73539,35.04827751,30.42250191,0,30.142105,33.37607723,26.90813297,0,30.293472,38.92105354,21.66589104,0
138,15-02-2023,30.140818,33.46618734,26.81544794,0,30.49885,32.99190956,28.00579018,0,32.69231,35.00517323,30.37944744,0,30.51921,33.75314812,27.28527351,0,30.210514,38.83800242,21.58302572,0
139,16-02-2023,30.998528,34.32386227,27.67319278,0,31.11821,33.61124332,28.62517636,0,32.51877,34.8316069,30.20592972,0,31.269547,34.50344982,28.0356432,0,30.29374,38.92113698,21.66634166,0
140,17-02-2023,31.353813,34.67911381,28.02851253,0,31.692802,34.18581034,29.19979451,0,32.661327,34.97414223,30.34851249,0,31.422989,34.65685904,28.18911874,0,30.347054,38.97436271,21.71974435,0
141,18-02-2023,31.246183,34.57145079,27.92091601,0,31.488152,33.98113454,28.99516856,0,32.876682,35.18947402,30.56389054,0,31.556278,34.79011604,28.32244042,0,30.41301,39.04023256,21.78578673,0
142,19-02-2023,33.13095,36.45618592,29.80571594,0,32.079685,34.57264391,29.58672651,0,33.09043,35.40320042,30.77766201,0,34.208534,37.44234055,30.97472794,0,30.411266,39.03840519,21.78412747,0
143,20-02-2023,31.886862,35.21206525,28.56165836,0,31.55685,34.04978548,29.06391539,0,33.18331,35.49605873,30.8705642,0,32.442825,35.67660094,29.20904969,0,30.368427,38.99548429,21.74137026,0
144,21-02-2023,31.200706,34.52587923,27.87553373,0,31.34424,33.83715223,28.85132815,0,32.935978,35.24870385,30.62325202,0,32.177185,35.41093084,28.94343928,0,30.495247,39.12222427,21.8682695,0
145,22-02-2023,30.793129,34.11827188,27.46798606,0,30.947407,33.44029643,28.4545171,0,32.744015,35.0567199,30.43130958,0,31.507626,34.74134234,28.27390882,0,30.357819,38.98471857,21.73091864,0
146,23-02-2023,31.701185,35.02629915,28.3760713,0,31.421417,33.91428517,28.9285493,0,32.65018,34.96286582,30.33749582,0,32.40346,35.63715002,29.16977289,0,30.757607,39.38443126,22.13078175,0
147,24-02-2023,31.603304,34.9283897,28.27821812,0,31.324165,33.81701218,28.83131851,0,32.598328,34.91099307,30.2856622,0,32.408955,35.64261582,29.17529342,0,30.928997,39.55574879,22.30224529,0
148,25-02-2023,31.553923,34.87898115,28.22886415,0,31.350601,33.84342758,28.85777481,0,32.71187,35.02451474,30.39922183,0,32.645485,35.87911959,29.41185026,0,30.963123,39.58980429,22.33644236,0
149,26-02-2023,32.28944,35.61447223,28.96440808,0,31.679718,34.17252458,29.18691145,0,33.866386,36.17901448,31.55375834,0,33.003063,36.23667216,29.76945424,0,30.939129,39.56574127,22.31251648,0
150,27-02-2023,33.20808,36.53308678,29.8830738,0,32.030502,34.52328971,29.53771493,0,33.952747,36.26535763,31.64013706,0,33.465527,36.69911067,30.23194249,0,31.03196,39.65850556,22.40541351,0
151,28-02-2023,33.905582,37.23056419,30.58060066,0,32.124172,34.61694106,29.63140336,0,33.639843,35.95243607,31.3272499,0,33.37678,36.6103415,30.14322142,0,30.896847,39.52332865,22.2703649,0
152,01-03-2023,34.00221,37.3271666,30.67725082,0,32.117188,34.60993845,29.62443655,0,33.882957,36.19553394,31.57038098,0,33.473465,36.70700179,30.23992814,0,30.908619,39.53503886,22.28219899,0
153,02-03-2023,32.94073,36.26566592,29.61579618,0,32.051876,34.54460976,29.55914238,0,33.65734,35.96990147,31.34478054,0,32.79033,36.02384341,29.55681455,0,31.33289,39.95924976,22.70652935,1
154,03-03-2023,33.80535,37.13026396,30.48043856,0,31.558617,34.05133371,29.06589957,0,33.04697,35.35951541,30.73442532,0,33.045425,36.27891829,29.81193254,0,31.05132,39.67762181,22.42501643,0
155,04-03-2023,32.772392,36.09728365,29.44750089,0,31.679853,34.17255453,29.18715235,0,33.005363,35.31789368,30.69283324,0,32.39432,35.62779358,29.1608493,0,30.845284,39.47153089,22.21903613,0
156,05-03-2023,33.08099,36.40586076,29.75611892,0,32.243423,34.73610921,29.75073771,0,33.69543,36.00794674,31.38291477,0,33.134468,36.36792032,29.90101584,0,31.053253,39.67944746,22.42705888,0
157,06-03-2023,33.9238,37.24865273,30.59895012,0,32.62843,35.12110046,30.13575837,0,34.307003,36.61950537,31.99450068,0,33.869537,37.10297052,30.63610418,0,30.973568,39.59971137,22.34742455,0
158,07-03-2023,34.53272,37.85755121,31.20788611,0,32.924583,35.41724042,30.43192645,0,35.2722,37.58469084,32.95971224,0,33.90058,37.13399629,30.66716643,0,30.97509,39.60118477,22.34899529,0
159,08-03-2023,35.77702,39.10183414,32.45220486,0,32.947594,35.44023725,30.45495013,0,34.403965,36.71644184,32.09148815,0,34.890358,38.12375548,31.65696046,0,31.416122,40.04217072,22.79007416,1
160,09-03-2023,36.04599,39.37078758,32.7211924,0,33.350777,35.84340744,30.8581459,0,34.33356,36.64602593,32.02109596,0,34.64958,37.88295902,31.41619717,0,31.107437,39.73344117,22.4814331,0
161,10-03-2023,35.503925,38.82870671,32.17914394,0,33.73746,36.23007972,31.24484246,0,33.93707,36.24952265,31.62461522,0,34.654293,37.88765823,31.42092789,0,31.095287,39.72124933,22.46932532,0
162,11-03-2023,35.060337,38.3851031,31.73557103,0,32.77602,35.26862717,30.28341293,0,34.148266,36.46070888,31.8358228,0,33.708374,36.94172427,30.47502378,0,30.954395,39.58031748,22.32847311,0
163,12-03-2023,35.13187,38.45662181,31.80711873,0,33.437683,35.93027936,30.94508685,0,34.636868,36.94930048,32.32443457,0,34.44318,37.67651623,31.20984394,0,30.896008,39.52189211,22.27012297,0
164,13-03-2023,36.030144,39.35488163,32.70540584,0,34.41211,36.9046954,31.91952335,0,34.305912,36.61833549,31.99348855,0,35.182823,38.41614606,31.9495003,0,30.862713,39.48856204,22.23686369,0
165,14-03-2023,34.718704,38.04342933,31.39397912,0,33.319042,35.81161864,30.82646577,0,34.546787,36.85920183,32.23437269,0,34.217823,37.45113347,30.98451259,0,31.236824,39.86264003,22.61100805,0
166,15-03-2023,35.400215,38.72492832,32.07550198,0,33.75926,36.25182575,31.26669079,0,34.537464,36.84987041,32.22505787,0,34.190357,37.42365604,30.95705838,0,31.034195,39.65997996,22.40840993,0
167,16-03-2023,35.9444,39.26910287,32.6196987,0,34.120304,36.61286328,31.62774494,0,34.717915,37.03031314,32.40551602,0,34.635246,37.86853433,31.40195823,0,30.920406,39.5461626,22.29465008,0
168,17-03-2023,35.188686,38.51337822,31.86399452,0,33.95976,36.45231026,31.46720726,0,35.0602,37.37259118,32.7478083,0,34.75304,37.98631841,31.51976222,0,31.067314,39.69304386,22.44158444,0
169,18-03-2023,35.284935,38.60961747,31.96025253,0,34.022556,36.51510077,31.53001184,0,35.47588,37.78826459,33.16349475,0,34.552696,37.7859652,31.31942725,0,31.04514,39.67084469,22.41943394,0
170,19-03-2023,35.74141,39.06608324,32.41673536,0,34.248413,36.74095116,31.75587501,0,35.518955,37.83133422,33.20657624,0,35.055977,38.28923755,31.82271619,0,31.019932,39.64561504,22.39424854,0
171,20-03-2023,36.15832,39.48298765,32.83365511,0,34.88497,37.37750394,32.3924393,0,36.283745,38.59611846,33.97137116,0,35.58081,38.81406377,32.34755733,0,31.176212,39.80187565,22.55054897,0
172,21-03-2023,37.180416,40.50507555,33.85575666,0,35.167393,37.65991994,32.67486552,0,35.56809,37.88045744,33.25571963,0,35.46324,38.69648816,32.22999499,0,31.085201,39.7108469,22.45955562,0
173,22-03-2023,37.016994,40.34164795,33.692341,0,35.137306,37.62982895,32.64478348,0,34.045147,36.35751169,31.73278219,0,36.57561,39.80885189,33.34237034,0,31.195927,39.82155682,22.57029651,0
174,23-03-2023,37.165462,40.49011085,33.84081413,0,35.49271,37.98522901,33.00019122,0,34.775665,37.08802648,32.46330409,0,36.552895,39.7861304,33.31965879,0,31.073528,39.69914517,22.44791141,0
175,24-03-2023,36.211308,39.53595162,32.88666343,0,34.938335,37.43085112,32.44581972,0,34.967197,37.27955565,32.65483919,0,36.399017,39.63224899,33.16578568,0,31.002506,39.62811207,22.37690044,0
176,25-03-2023,36.168415,39.49305576,32.84377438,0,36.192123,38.68463656,33.69961027,0,36.573326,38.88568197,34.26097025,0,36.612022,39.84525074,33.37879406,0,30.844097,39.4696941,22.21850017,0
177,26-03-2023,36.942413,40.26705146,33.6177752,0,35.830544,38.32305474,33.33803229,0,36.838367,39.15072154,34.52601339,0,36.547,39.78022674,33.31377503,0,30.740082,39.36567212,22.11449146,0
178,27-03-2023,37.071274,40.39591023,33.74663738,0,35.819798,38.31230746,33.32728757,0,36.97216,39.28451323,34.65980745,0,36.69126,39.92448549,33.4580371,0,30.74324,39.36882626,22.11765445,0
179,28-03-2023,37.71206,41.03669459,34.38742345,0,35.71109,38.20359939,33.21858078,0,36.64641,38.95876419,34.3340596,0,36.99085,40.22407191,33.75762518,0,30.56923,39.19481282,21.94364543,0
180,29-03-2023,38.145832,41.47046763,34.82119649,0,36.276356,38.76886505,33.78384644,0,36.59398,38.90633118,34.28162658,0,38.116173,41.34939615,34.88294943,0,30.98367,39.60925297,22.35808559,0
181,30-03-2023,38.732845,42.05748173,35.40820888,0,35.923225,38.41573535,33.43071546,0,36.151527,38.4638803,33.83917451,0,38.00174,41.2349637,34.76851531,0,31.102978,39.72856366,22.47739185,0
182,31-03-2023,38.76095,42.08558631,35.43631005,0,36.12017,38.61268182,33.62765937,0,36.35366,38.66601466,34.04130651,0,37.559864,40.7930899,34.32663819,0,31.021717,39.6473074,22.39612674,0
183,01-04-2023,37.91483,41.23946994,34.59018857,0,36.23346,38.72597262,33.74094633,0,36.217403,38.52975927,33.90504756,0,37.23391,40.46713795,34.00068127,0,30.699127,39.32472416,22.07353023,0
184,02-04-2023,38.38805,41.71269418,35.06340598,0,36.03898,38.53149428,33.54646288,0,36.76496,39.07731947,34.45260301,0,37.00773,40.24096023,33.77449692,0,30.908825,39.53443074,22.2832191,0
185,03-04-2023,38.48607,41.81071709,35.16142036,0,36.02061,38.51312971,33.52809191,0,36.622673,38.93503423,34.31031184,0,37.37876,40.6119971,34.14552549,0,30.808792,39.43440899,22.18317524,0
186,04-04-2023,38.784275,42.10892853,35.45962158,0,35.920277,38.41279937,33.42775391,0,36.096123,38.40848749,33.78375799,0,37.231956,40.46519726,33.9987157,0,30.760654,39.3862846,22.1350243,0
187,05-04-2023,37.869133,41.19379244,34.54447355,0,35.86993,38.36245747,33.37740306,0,36.976006,39.28837446,34.66363665,0,35.769344,39.00259091,32.53609775,0,30.773392,39.39903736,22.14774608,0
188,06-04-2023,37.584976,40.90964246,34.26030993,0,35.995132,38.48766477,33.50260012,0,36.440327,38.75270034,34.12795304,0,36.42091,39.6541631,33.18765666,0,30.929226,39.55488926,22.30356258,0
189,07-04-2023,38.472557,41.79723101,35.14788313,0,36.542522,39.03506051,34.04998436,0,37.075577,39.38795577,34.7631978,0,37.267452,40.50071292,34.03419156,0,30.802135,39.42781872,22.17645222,0
190,08-04-2023,38.24445,41.56913209,34.91976715,0,36.59361,39.08615332,34.10106439,0,37.204613,39.51699765,34.89222781,0,37.0645,40.29776788,33.83122993,0,30.549923,39.17562832,21.92421757,0
191,09-04-2023,39.10885,42.43354042,35.78415672,0,36.95058,39.4431321,34.4580291,0,37.278698,39.59108941,34.96630653,0,37.97374,41.20701772,34.74046153,0,30.577839,39.20356861,21.95210919,0
192,10-04-2023,39.14907,42.47377282,35.82436866,0,37.383327,39.87588666,34.89076831,0,37.99609,40.30848849,35.68369138,0,38.38646,41.6197474,35.1531713,0,30.353962,38.9797182,21.72820569,0
193,11-04-2023,39.328117,42.65283054,36.0034042,0,37.184906,39.67747349,34.69233852,0,37.68916,40.00156566,35.37675312,0,38.493286,41.72658496,35.2599873,0,30.128956,38.75474086,21.50317082,0
194,12-04-2023,39.000847,42.32557197,35.67612176,0,36.822968,39.31554396,34.3303911,0,37.480736,39.79315035,35.16832121,0,37.681953,40.91526387,34.44864299,0,30.199886,38.82570231,21.57407033,0
195,13-04-2023,39.161064,42.48580204,35.83632625,0,36.805645,39.29823101,34.31305897,0,37.781776,40.0941999,35.46935296,0,38.10777,41.34109189,34.87444613,0,30.164528,38.79037707,21.53867872,0
196,14-04-2023,38.95648,42.28122966,35.63172658,0,36.853214,39.34581051,34.36061801,0,37.41593,39.72836466,35.10349874,0,37.604782,40.83811825,34.37144596,0,29.886906,38.51279024,21.2610211,0
197,15-04-2023,39.14163,42.4663943,35.81686223,0,37.195366,39.68797302,34.70275879,0,37.06772,39.38016155,34.75527547,0,37.8444,41.07774874,34.61104825,0,30.025814,38.65173624,21.39989188,0
198,16-04-2023,39.46736,42.79214284,36.14258007,0,37.504684,39.99730307,35.01206582,0,37.441143,39.75359675,35.12868932,0,38.913094,42.14645874,35.6797284,0,30.104221,38.73018335,21.47825934,0
199,17-04-2023,39.38786,42.71265693,36.06306176,0,37.493862,39.98649292,35.00123138,0,37.62095,39.93341377,35.30848381,0,37.567703,40.80108417,34.33432232,0,30.139248,38.76525193,21.51324386,0
200,18-04-2023,39.432373,42.75718769,36.10755841,0,37.282074,39.77471753,34.78943042,0,37.403515,39.71599171,35.09103802,0,38.682896,41.91629317,35.44949815,0,30.400455,39.02650376,21.77440719,0
201,19-04-2023,39.399277,42.72410928,36.07444419,0,37.542137,40.03479413,35.04948016,0,37.810722,40.12321165,35.49823305,0,38.65659,41.89000443,35.42317458,0,30.397705,39.02379982,21.77161034,0
202,20-04-2023,39.461483,42.78633431,36.1366317,0,37.43371,39.92637924,34.94103715,0,37.06396,39.37646338,34.75145868,0,38.753567,41.98699991,35.52013357,0,30.25362,38.87976356,21.62747674,0
203,21-04-2023,39.481964,42.80683503,36.15709319,0,37.381966,39.87465139,34.88927989,0,36.92242,39.23493649,34.60990452,0,38.813484,42.04693643,35.58003195,0,29.888227,38.51442175,21.26203317,0
204,22-04-2023,39.297085,42.62197619,35.97219343,0,37.60551,40.0982118,35.11280962,0,36.799236,39.11176652,34.48670608,0,38.57084,41.80431107,35.33736679,0,29.853752,38.47999952,21.22750475,0
205,23-04-2023,39.368168,42.69308058,36.04325518,0,37.40294,39.89565592,34.91022177,0,36.887913,39.2004578,34.5753677,0,38.142048,41.37554076,34.90855501,0,29.903002,38.52930447,21.2766991,0
206,24-04-2023,39.382874,42.7078084,36.05793867,0,37.32575,39.81848214,34.83301475,0,37.27365,39.58621159,34.96109066,0,38.304188,41.53770221,35.07067334,0,29.682142,38.30850246,21.05578205,0
207,25-04-2023,39.523365,42.84832291,36.19840713,0,37.91732,40.4100712,35.4245693,0,37.324356,39.63693256,35.0117796,0,38.80411,42.0376483,35.57057466,0,29.809862,38.43628207,21.1834422,0
208,26-04-2023,39.53097,42.85595329,36.20598976,0,38.03729,40.53005752,35.54451981,0,37.2897,39.60229264,34.97710647,0,38.66432,41.89788194,35.43076186,0,29.975744,38.60222612,21.34926237,0
209,27-04-2023,39.530884,42.85589028,36.2058773,0,38.115612,40.60839942,35.62282464,0,37.46856,39.78116955,35.15594898,0,38.807926,42.04151026,35.57434209,0,29.98095,38.60749543,21.35440337,0
210,28-04-2023,39.518623,42.84365542,36.19359128,0,38.238827,40.73163332,35.74602019,0,37.920135,40.23276357,35.60750743,0,39.05345,42.2870605,35.81984258,0,29.873016,38.49962875,21.24640397,0
211,29-04-2023,39.51818,42.84323935,36.19312235,0,38.222084,40.71491043,35.72925766,0,37.870758,40.18340451,35.5581116,0,39.139614,42.37324877,35.90597944,0,29.718565,38.34524595,21.09188402,0
212,30-04-2023,39.553715,42.87880054,36.22862897,0,38.307796,40.80064332,35.81494964,0,37.990883,40.30354831,35.67821744,0,38.89043,42.12409165,35.65676925,0,29.814625,38.44137654,21.18787303,0
213,01-05-2023,39.58171,42.90682474,36.25659689,0,38.33747,40.83033894,35.84460308,0,38.083206,40.39589118,35.77052118,0,39.236282,42.46997091,36.00259378,0,29.651142,38.27796687,21.02431737,0
214,02-05-2023,39.53515,42.86029153,36.21000571,0,37.990467,40.48335674,35.49757741,0,37.709854,40.02255929,35.39714896,0,39.08638,42.32009676,35.85266325,0,29.785519,38.41241861,21.15861868,0
215,03-05-2023,39.594498,42.91967043,36.26932493,0,38.428185,40.92109655,35.93527247,0,38.230453,40.54317941,35.91772757,0,39.4603,42.69404622,36.22655467,0,29.91148,38.53845733,21.28450257,0
216,04-05-2023,39.604088,42.92929128,36.27888438,0,38.388824,40.88175951,35.89588941,0,38.26206,40.57480552,35.94931099,0,39.505245,42.73902084,36.27146958,0,30.13152,38.75857633,21.5044623,0
217,05-05-2023,39.583534,42.90876923,36.25829925,0,38.32109,40.8140494,35.828132,0,38.243652,40.55642155,35.93088314,0,39.448177,42.68198364,36.21437103,0,30.095287,38.72242618,21.46814846,0
218,06-05-2023,39.511307,42.83657415,36.18603937,0,38.419216,40.91219914,35.92623317,0,38.294743,40.60753433,35.98195084,0,39.4606,42.69443962,36.22676399,0,29.900152,38.52737512,21.27292929,0
219,07-05-2023,39.127197,42.45249791,35.80189663,0,37.63799,40.13099696,35.14498113,0,37.155273,39.4680883,34.84245857,0,38.48199,41.71586096,35.24812067,0,29.99315,38.62045989,21.36584153,0
220,08-05-2023,38.726616,42.05195065,35.40128116,0,37.916634,40.40966709,35.42360012,0,37.4884,39.80123809,35.17556092,0,38.87908,42.11298504,35.64517841,0,29.868866,38.49626363,21.24146831,0
221,09-05-2023,38.525307,41.8506764,35.199937,0,38.024387,40.51744705,35.53132767,0,37.606037,39.91890004,35.29317424,0,38.923256,42.15719323,35.68931861,0,29.76674,38.39422915,21.13925245,0
222,10-05-2023,38.615646,41.94105187,35.29024086,0,38.007122,40.50020857,35.51403551,0,37.234528,39.54741539,34.92163979,0,39.01136,42.2453323,35.77738804,0,29.675697,38.30327857,21.04811608,0
223,11-05-2023,39.23909,42.56453213,35.9136478,0,37.978798,40.47191193,35.4856839,0,37.55113,39.86404169,35.23821509,0,38.4266,41.66060919,35.19259363,0,29.7086,38.33627545,21.08092273,0
224,12-05-2023,39.36283,42.68831079,36.03735144,0,38.094448,40.58759023,35.60130595,0,37.160767,39.47370599,34.84782721,0,38.98193,42.21597404,35.74788552,0,29.658531,38.28630487,21.03075751,0
225,13-05-2023,38.837837,42.16335526,35.51231918,0,38.259842,40.75301282,35.76667102,0,37.618435,39.93140098,35.30546883,0,39.294125,42.52820617,36.06004303,0,29.449404,38.07727697,20.82153055,0
226,14-05-2023,38.620525,41.94608261,35.29496811,0,38.426807,40.9200077,35.9336071,0,37.608063,39.92105609,35.2950694,0,39.32086,42.55498152,36.08674211,0,29.322119,37.95009371,20.69414381,0
227,15-05-2023,39.212765,42.53836206,35.88716742,0,38.411934,40.90516424,35.91870356,0,37.633625,39.94664625,35.32060382,0,39.140728,42.37488667,35.90656933,0,29.449059,38.07713744,20.82097963,0
228,16-05-2023,39.14359,42.46922726,35.81795078,0,38.43894,40.93219916,35.94567712,0,38.012226,40.32527578,35.69917643,0,39.37105,42.60525025,36.13685332,0,28.956087,37.58427218,20.32790205,0
229,17-05-2023,38.550552,41.87623238,35.22487236,0,38.746,41.23929072,36.25270605,0,37.861176,40.17425427,35.54809681,0,39.47319,42.7074294,36.23895122,0,28.72975,37.35804312,20.10145624,0
230,18-05-2023,38.490314,41.81603712,35.16459185,0,38.370625,40.86394883,35.87730025,0,37.690205,40.00331299,35.37709625,0,38.512653,41.74693389,35.27837281,0,28.607473,37.2358774,19.97906935,0
231,19-05-2023,38.216225,41.54199078,34.89045856,0,38.463005,40.95636195,35.96964818,0,37.392628,39.70576633,35.0794891,0,38.82209,42.05641297,35.58776733,0,28.625202,37.253719,19.99668536,0
232,20-05-2023,38.686573,42.01238347,35.36076259,0,38.307987,40.80137733,35.8145971,0,37.800762,40.11393162,35.48759273,0,38.333824,41.56819009,35.09945823,0,28.55036,37.17899155,19.9217279,0
233,21-05-2023,37.957382,41.28323782,34.63152659,0,38.375183,40.86860709,35.88175912,0,37.53739,39.85059253,35.2241908,0,38.545185,41.77959495,35.31077522,0,28.725447,37.35419574,20.09669766,0
234,22-05-2023,38.33124,41.65714325,35.00533996,0,38.057503,40.55096124,35.56404425,0,38.092445,40.40567825,35.77921249,0,38.58925,41.82370329,35.35479403,0,28.634626,37.26349485,20.00575793,0
235,23-05-2023,38.75363,42.07958012,35.42768306,0,37.91065,40.40414199,35.4171547,0,37.93995,40.25321452,35.62668355,0,37.77658,41.01108103,34.54208059,0,28.862013,37.49100296,20.23302277,0
236,24-05-2023,38.001045,41.32704149,34.67504896,0,37.6936,40.18712913,35.20007027,0,37.67808,39.9913802,35.36478282,0,37.891983,41.12652968,34.65743639,0,29.00933,37.63844469,20.38021681,0
237,25-05-2023,37.639984,40.96602898,34.31393928,0,36.98083,39.474397,34.48726529,0,36.12334,38.43667309,33.81000813,0,38.206013,41.44060662,34.97141883,0,29.090668,37.71990772,20.46142773,0
238,26-05-2023,37.92882,41.25491585,34.60272728,0,37.270622,39.76422517,34.77701933,0,37.600117,39.91348359,35.28674986,0,36.91498,40.14962382,33.68033987,0,28.828773,37.45814175,20.19940524,0
239,27-05-2023,37.938435,41.26457918,34.61229002,0,37.64001,40.13365146,35.14637021,0,37.713924,40.02732625,35.40052257,0,37.090748,40.32543871,33.85605695,0,28.85476,37.48425794,20.22526049,0
240,28-05-2023,37.817852,41.14404774,34.4916563,0,37.946083,40.43976203,35.45240411,0,37.61823,39.93166632,35.3047915,0,37.646862,40.88160264,34.41212142,0,28.720507,37.35013808,20.09087526,0
241,29-05-2023,37.429054,40.75530197,34.10280655,0,37.986816,40.48053435,35.49309846,0,37.74733,40.06080329,35.43385614,0,37.72098,40.95577278,34.48619042,0,28.68004,37.30980666,20.05027406,0
242,30-05-2023,37.381435,40.70773595,34.05513484,0,37.68648,40.18023904,35.19272392,0,37.59904,39.91255131,35.28553066,0,37.31132,40.54616383,34.07647869,0,28.492912,37.12281569,19.86300889,0
243,31-05-2023,37.166122,40.49247669,33.83976819,0,36.61364,39.10743765,34.11984202,0,37.259552,39.57309968,34.94600433,0,36.874855,40.10974983,33.63996025,0,28.46133,37.09137312,19.8312877,0
244,01-06-2023,36.977787,40.30419581,33.65137822,0,36.61903,39.11286871,34.12519129,0,37.006374,39.31995997,34.69278875,0,36.4606,39.69554964,33.22565397,0,28.188051,36.81823545,19.557867,0
245,02-06-2023,36.818775,40.14523937,33.49231098,0,36.290955,38.78483483,33.79707435,0,36.577747,38.89137149,34.2641232,0,35.965336,39.20033755,32.73033414,0,28.253347,36.88367535,19.62301944,0
246,03-06-2023,36.204582,39.53110266,32.87806177,0,36.442524,38.93644637,33.94860154,0,37.100384,39.41404702,34.78672049,0,35.572224,38.80728008,32.33716725,0,28.373795,37.00426845,19.74332066,0
247,04-06-2023,36.471233,39.79781091,33.14465582,0,36.74118,39.23514564,34.2472152,0,36.255085,38.56878797,33.94138201,0,35.843693,39.07880472,32.60858084,0,28.301268,36.93188966,19.67064559,0
248,05-06-2023,36.365963,39.69259848,33.03932749,0,35.19325,37.68725742,32.69924008,0,36.58846,38.9022023,34.27471573,0,34.95574,38.19091018,31.72057358,0,28.358677,36.9894493,19.72790452,0
249,06-06-2023,36.676884,40.003578,33.3501894,0,35.38679,37.88084398,32.89273848,0,36.793625,39.10740906,34.47984069,0,35.705715,38.94094067,32.47048969,0,28.335073,36.96599842,19.70414852,0
250,07-06-2023,36.443882,39.77063594,33.11712804,0,36.686024,39.18012119,34.19192623,0,37.14496,39.45878417,34.83113282,0,35.557922,38.79320586,32.32263886,0,27.958838,36.58991723,19.32775779,0
251,08-06-2023,35.966934,39.29374866,32.64011975,0,35.700607,38.19475014,33.20646446,0,37.073086,39.38695354,34.75921803,0,34.905056,38.14039834,31.66971366,0,27.685534,36.31677022,19.05429683,0
252,09-06-2023,36.094036,39.42091192,32.76716029,0,36.972885,39.46707397,34.47869629,0,36.702084,39.01599402,34.38817315,0,35.522663,38.75806513,32.2872611,0,27.85931,36.49070603,19.22791427,0
253,10-06-2023,36.21152,39.53845917,32.88458313,0,36.962948,39.45718332,34.46871237,0,37.182762,39.49671585,34.86880845,0,35.358063,38.59352525,32.12260023,0,27.532452,36.16400891,18.90089435,0
254,11-06-2023,36.419735,39.74673604,33.09273387,0,37.318832,39.81311515,34.82454965,0,37.49526,39.80925589,35.18126077,0,35.451416,38.68693985,32.21589218,0,27.383945,36.01566635,18.75222459,0
255,12-06-2023,36.192066,39.51913118,32.8650012,0,37.51536,40.00969245,35.02103112,0,37.180733,39.49477474,34.86669072,0,36.44133,39.67691594,33.20574397,1,27.420145,36.05203172,18.78825835,0
256,13-06-2023,36.355484,39.68261376,33.02835426,0,36.76305,39.2574293,34.26867086,0,36.95393,39.26801695,34.63984285,0,36.60417,39.83982072,33.36852279,1,27.68749,36.31954517,19.05543576,0
257,14-06-2023,35.4611,38.78829689,32.13390617,0,35.70054,38.19496704,33.20611023,0,36.790684,39.10481643,34.47655106,0,34.210815,37.4465282,30.97510266,0,27.531914,36.16413869,18.89968883,0
258,15-06-2023,35.435783,38.76304521,32.10852156,0,35.015965,37.51044274,32.52148628,0,36.860916,39.17509505,34.54673723,0,34.02527,37.26104596,30.78949115,0,27.698465,36.33086271,19.06606799,0
259,16-06-2023,35.29938,38.62671039,31.97205212,0,35.85232,38.34685032,33.35779293,0,36.95596,39.27018505,34.64173359,0,34.647644,37.88348691,31.41180117,0,27.637108,36.26967985,19.00453585,0
260,17-06-2023,35.675518,39.00291533,32.34812074,0,35.55228,38.04686023,33.05770063,0,36.414692,38.72896506,34.10041879,0,34.39175,37.62765949,31.15584118,0,27.849642,36.48239065,19.21689295,0
261,18-06-2023,35.332043,38.65950901,32.00457638,0,34.47821,36.97284199,31.98357891,0,35.453556,37.7678772,33.13923492,0,33.869358,37.10533434,30.63338179,0,27.790504,36.42343235,19.15757656,0
262,19-06-2023,34.774765,38.10230119,31.44722884,0,35.025578,37.52026146,32.53089363,0,36.395897,38.71026664,34.08152718,0,34.155525,37.39156943,30.91948099,0,27.726025,36.35913379,19.09291547,0
263,20-06-2023,34.940296,38.26790307,31.61268928,0,35.88826,38.38299682,33.39352295,0,36.654816,38.96923459,34.34039676,0,35.321297,38.55740968,32.0851837,0,27.695873,36.32916589,19.06258064,0
264,21-06-2023,35.30442,38.63209893,31.97674201,0,35.866062,38.36085275,33.37127158,0,35.916695,38.23116333,33.60222595,0,34.95807,38.19425143,31.72188626,0,27.70671,36.34018911,19.07323252,0
265,22-06-2023,35.25241,38.58016176,31.92466002,0,34.869034,37.36387869,32.37418894,0,35.222076,37.53659547,32.90755736,0,33.733917,36.97017025,30.49766423,0,27.55167,36.18533625,18.9180039,0
266,23-06-2023,34.689365,38.01718953,31.36154125,0,33.65306,36.14796072,31.15816111,0,36.32624,38.64081055,34.01167053,0,33.257423,36.49374766,30.02109914,0,27.325062,35.95891806,18.69120554,0
267,24-06-2023,35.286552,38.61445069,31.95865417,0,35.172287,37.66724236,32.67733162,0,36.91601,39.23063337,34.60139025,0,34.188866,37.425262,30.95246932,0,27.388317,36.02236566,18.75426856,0
268,25-06-2023,35.15167,38.47964177,31.82369533,0,35.839886,38.33489729,33.34487414,0,37.1489,39.46357278,34.83422538,0,35.089375,38.32584379,31.8529053,0,27.345383,35.97962574,18.71113964,0
269,26-06-2023,34.88605,38.21410022,31.55800214,1,35.189346,37.68441473,32.6942779,0,36.9833,39.29802569,34.66857282,0,34.89197,38.12851457,31.65542861,0,27.756327,36.39076643,19.12188692,0
270,27-06-2023,34.712765,38.04089045,31.38463903,0,36.05581,38.55093491,33.56068313,1,36.922062,39.23684168,34.60728216,0,35.187656,38.42427394,31.95103886,1,27.85334,36.48797881,19.21870149,0
271,28-06-2023,34.828888,38.15709116,31.50068472,1,35.94711,38.44229323,33.45192521,1,36.585423,38.90025619,34.27058884,0,34.669216,37.90590908,31.43252323,0,28.268763,36.90360236,19.63392282,0
272,29-06-2023,33.85323,37.18151111,30.52494793,0,34.187813,36.68305557,31.69257004,0,36.43081,38.7456972,34.11592084,0,32.622612,35.85938114,29.38584286,0,28.2939,36.92894263,19.65885644,0
273,30-06-2023,33.468826,36.7971871,30.14046549,0,34.44429,36.93959231,31.94898801,0,35.588264,37.90320774,33.27332119,0,33.011116,36.2479622,29.77426985,0,28.284737,36.91998525,19.64948802,0
274,01-07-2023,33.947186,37.27562639,30.61874464,0,34.655083,37.15044488,32.15972053,0,35.486225,37.80122409,33.17122616,0,33.91115,37.14807593,30.67422785,0,28.641548,37.2770045,20.00609181,0
275,02-07-2023,33.77059,37.09911353,30.44206994,0,33.46736,35.96278429,30.97193861,0,35.511417,37.82647263,33.19636215,0,33.661655,36.89865816,30.42465269,0,29.217958,37.85362473,20.58229217,1
276,03-07-2023,33.77793,37.10653477,30.44932766,1,33.73159,36.22707441,31.23610613,0,35.072845,37.38795757,32.75773334,0,33.111374,36.34845615,29.87429165,0,29.409235,38.04511342,20.77335658,2
277,04-07-2023,33.36274,36.69142574,30.03405339,0,33.090805,35.58635113,30.59525897,0,35.066605,37.38177419,32.75143504,0,32.672337,35.90949917,29.43517398,0,29.493591,38.12968407,20.85749855,2
278,05-07-2023,33.112156,36.44092555,29.78338628,0,33.01396,35.50957045,30.51835314,0,35.269154,37.58438122,32.95392597,0,32.174187,35.41143047,28.93694294,0,29.82369,38.45999972,21.18738111,2
279,06-07-2023,33.196583,36.52543675,29.86772884,0,33.02539,35.52106249,30.52971876,0,36.098705,38.41399156,33.78341902,0,32.185154,35.42247972,28.9478282,0,29.944098,38.58062558,21.30756946,2
280,07-07-2023,33.319023,36.64796225,29.99008401,0,33.208324,35.70406015,30.71258872,0,36.1558,38.47114537,33.84045436,0,32.490303,35.72771163,29.25289445,0,29.948193,38.58494161,21.31144358,2
281,08-07-2023,33.260136,36.58916078,29.93111052,0,33.94049,36.43629092,31.44469052,0,36.495667,38.81107183,34.18026117,0,33.00742,36.24491182,29.76992735,0,30.105732,38.74270414,21.46875979,2
282,09-07-2023,33.480335,36.80944723,30.15122324,0,34.17435,36.67021606,31.67848541,0,35.479496,37.79496175,33.16403026,0,33.068184,36.30576061,29.83060719,0,30.351082,38.98827938,21.71388431,2
283,10-07-2023,33.314907,36.64410678,29.98570736,0,34.15486,36.65079253,31.65893037,0,36.00978,38.32530763,33.69425413,1,32.959904,36.19756573,29.72224171,0,30.28687,38.92429415,21.64944395,2
284,11-07-2023,33.102848,36.43213633,29.77355978,0,33.697952,36.19394975,31.20195479,0,35.679157,37.9947456,33.36356891,1,32.854362,36.09211063,29.61661435,0,30.30236,38.94001541,21.66470566,2
285,12-07-2023,32.451077,35.78045419,29.12169882,0,32.665222,35.16128668,30.16915766,0,34.20088,36.51652868,31.88522761,0,33.478962,36.71679704,30.24112685,1,30.489674,39.12756046,21.85178677,2
286,13-07-2023,32.30223,35.63169878,28.97276289,0,33.173687,35.66981916,30.6775548,0,34.28822,36.60393276,31.97250614,0,33.248726,36.48664876,30.01080302,1,30.639877,39.27799834,22.0017563,2
287,14-07-2023,32.751827,36.08138629,29.42226819,0,32.507904,35.00410454,30.01170357,0,35.17542,37.49119553,32.85964217,0,30.819166,34.05717766,27.58115471,0,30.702595,39.34095216,22.06423736,2
288,15-07-2023,32.95081,36.28046049,29.62115847,0,32.94923,35.44549962,30.45296077,0,35.901707,38.21754734,33.58586606,1,31.188723,34.42682352,27.95062171,0,31.043037,39.6816334,22.40444143,2
289,16-07-2023,33.164062,36.49380632,29.83431868,0,33.420223,35.91656224,30.92388423,0,35.874992,38.19089756,33.55908718,1,31.36456,34.60275033,28.12636801,0,30.912373,39.55120935,22.27353583,2
290,17-07-2023,33.061295,36.39113203,29.73145708,1,34.07845,36.57485847,31.58204003,0,35.819103,38.13507357,33.50313291,1,31.707405,34.94568733,28.46912285,0,31.187271,39.82635087,22.54819137,2
291,18-07-2023,33.143604,36.47353626,29.8136723,1,34.27788,36.7743617,31.78140155,0,36.045414,38.36145003,33.72937791,1,31.477247,34.71562139,28.23887309,0,31.193512,39.8328369,22.55418703,2
292,19-07-2023,32.996105,36.32613253,29.66607786,1,35.034275,37.53082662,32.53772349,1,36.102962,38.41906487,33.78686011,1,32.239147,35.47761407,29.00068031,0,31.500427,40.13999957,22.86085492,2
293,20-07-2023,32.774654,36.10477792,29.44453085,0,34.281982,36.77860611,31.78535874,0,35.847607,38.16377595,33.53143737,1,31.783684,35.02224421,28.54512334,0,31.921913,40.56173507,23.28209123,2
294,21-07-2023,32.733246,36.06346644,29.40302526,0,34.27978,36.77647779,31.7830849,0,35.820637,38.13687354,33.50439996,1,31.636526,34.87518093,28.39787129,0,32.36309,41.00316423,23.7230168,2
295,22-07-2023,33.19109,36.52140812,29.86077114,1,34.47736,36.97412961,31.98058993,1,36.33717,38.65347453,34.02086477,1,30.910294,34.14904361,27.67154355,0,32.160892,40.80122019,23.52056478,2
296,23-07-2023,33.277813,36.60823019,29.94739572,1,34.63038,37.12722259,32.13353485,1,36.655655,38.97202847,34.33928134,1,30.504972,33.74381852,27.2661264,0,32.296745,40.9373292,23.6561614,2
297,24-07-2023,33.275986,36.60650255,29.94546889,1,34.852627,37.34954534,32.35570826,1,36.74052,39.05696331,34.42407764,1,30.515663,33.75460606,27.27672023,0,32.51587,41.15671144,23.87502684,2
298,25-07-2023,33.16602,36.49663671,29.83540217,1,34.39097,36.88796217,31.89397448,1,36.449196,38.76570856,34.13268317,1,30.82846,34.06750129,27.5894201,0,32.56557,41.20667372,23.92446794,2
299,26-07-2023,33.07552,36.40623813,29.744801,1,34.77101,37.26808114,32.27394157,1,36.463364,38.77994679,34.1467805,1,30.969627,34.20876649,27.73048827,0,32.431965,41.07333056,23.79059918,2
300,27-07-2023,32.820324,36.15114465,29.48950324,1,33.862034,36.3591802,31.36488749,0,36.388874,38.70552824,34.07221987,0,30.681908,33.92114609,27.44266922,0,32.477783,41.11941389,23.83615252,2
301,28-07-2023,32.81774,36.14866509,29.4868177,1,33.53906,36.03628226,31.04183512,0,36.468323,38.78504857,34.15159694,1,31.023882,34.26322051,27.78454332,0,32.559032,41.20093032,23.91713456,2
302,29-07-2023,32.782524,36.11355164,29.45149658,1,33.79659,36.29389031,31.29928748,0,36.49786,38.81465799,34.18106192,1,31.615631,34.85507068,28.37619153,0,32.5899,41.23206825,23.94773369,2
303,30-07-2023,32.80486,36.13599138,29.47372695,1,33.353218,35.85059798,30.85583818,0,36.11106,38.42793194,33.79419025,0,31.85894,35.09848151,28.61939874,0,32.44631,41.08874701,23.80386926,2
304,31-07-2023,32.664608,35.99584575,29.33337026,0,33.734016,36.23147544,31.2365574,0,36.014557,38.33150113,33.69761264,0,32.29378,35.53342529,29.05413727,0,32.796803,41.4395152,24.15408985,2
305,01-08-2023,32.601955,35.93329954,29.27061129,0,33.408222,35.90576097,30.91068343,0,35.82471,38.14172908,33.50769261,0,32.12008,35.35982651,28.88033157,0,32.756916,41.39990472,24.11392738,2
306,02-08-2023,32.636097,35.96754831,29.3046456,0,33.56039,36.05800963,31.06277131,0,36.121918,38.43901054,33.80482491,0,32.052017,35.29186896,28.81216547,0,33.040493,41.68375988,24.39722615,2
307,03-08-2023,32.497856,35.82941557,29.16629671,0,33.794575,36.29227492,31.29687455,0,36.038155,38.35532258,33.72098662,0,31.948875,35.18883227,28.70891858,0,33.294506,41.93805333,24.65095881,2
308,04-08-2023,32.577145,35.90881297,29.24547627,0,33.516838,36.01461992,31.01905623,0,35.485023,37.80226724,33.16777976,0,31.999418,35.23948103,28.75935548,0,33.14831,41.79214147,24.50448176,2
309,05-08-2023,32.522987,35.85476548,29.19120925,0,34.02821,36.52607383,31.53034555,0,35.378727,37.69604705,33.06140687,0,32.06507,35.30524063,28.82490158,0,33.26376,41.90787425,24.61964497,2
310,06-08-2023,32.557213,35.88910156,29.22532409,0,33.565857,36.063804,31.06790986,0,34.949047,37.26644411,32.63165007,0,31.589869,34.83014565,28.34959144,0,33.341324,41.98572548,24.69692222,2
311,07-08-2023,32.19034,35.52233833,28.85833794,1,32.281418,34.77944848,29.78338721,0,34.556927,36.87440128,32.23945218,0,30.974407,34.2147927,27.7340217,0,33.415497,42.06018764,24.77080601,2
312,08-08-2023,32.02808,35.3601925,28.69596748,0,32.125423,34.62353827,29.6273086,0,34.90102,37.21857271,32.58346739,0,31.282274,34.52276897,28.04177952,0,33.704086,42.34906851,25.0591041,2
313,09-08-2023,31.980179,35.3124045,28.64795317,0,32.15778,34.65597937,29.65958002,0,35.309765,37.62739623,32.9921335,0,31.227966,34.46857108,27.98736154,0,33.83139,42.47666617,25.1861146,2
314,10-08-2023,32.001724,35.33406392,28.66938457,0,32.26726,34.76554665,29.76897636,0,35.36861,37.68632104,33.05089972,0,30.432121,33.67283692,27.19140564,0,33.91601,42.56158337,25.27044025,2
315,11-08-2023,32.053867,35.38632186,28.72141282,0,32.163074,34.66144574,29.66470325,0,35.285442,37.60323289,32.96765181,0,30.355242,33.59606911,27.11441444,0,33.876858,42.5227273,25.23098822,2
316,12-08-2023,32.076942,35.40951267,28.74437222,0,32.25093,34.74938877,29.7524728,0,35.225273,37.54314414,32.90740212,0,30.931602,34.17254233,27.69066263,0,33.98039,42.62655835,25.33421893,2
317,13-08-2023,32.102684,35.43537079,28.76999725,0,32.78354,35.28208418,30.28499346,0,35.761436,38.07938853,33.44348439,1,31.042091,34.28314456,27.80103818,0,34.059727,42.7061988,25.41325463,2
318,14-08-2023,32.117268,35.45007177,28.78446345,1,32.965424,35.46405696,30.46679021,1,35.96179,38.2798219,33.64375446,1,30.838306,34.07947378,27.59713907,0,33.974747,42.62152335,25.32797005,2
319,15-08-2023,32.067905,35.40082782,28.73498303,1,32.937233,35.43595499,30.43851095,1,35.7644,38.08251644,33.44628453,1,31.276937,34.51821983,28.03565514,0,34.22953,42.87661375,25.58244692,2
320,16-08-2023,32.067467,35.40050822,28.73442525,1,32.902374,35.40118556,30.40356297,1,35.486713,37.80491219,33.16851463,1,31.607565,34.84896308,28.36616677,1,34.422947,43.0703393,25.77555456,2
321,17-08-2023,32.044373,35.37753397,28.71121115,1,32.344055,34.84295638,29.84515397,0,35.236366,37.55464847,32.91808408,1,31.310776,34.55229054,28.06926097,0,34.369743,43.01744687,25.72203982,2
322,18-08-2023,32.026382,35.35966464,28.69310026,1,32.507095,35.00608709,30.00810358,0,35.099773,37.41813961,32.78140721,1,31.526154,34.76778581,28.28452132,1,34.44,43.0880155,25.79198175,2
323,19-08-2023,31.993748,35.32715153,28.6603439,1,32.335983,34.83506621,29.83690034,0,34.49257,36.81101976,32.17411818,0,31.328707,34.57045726,28.08695622,0,34.43947,43.0878008,25.79113597,2
324,20-08-2023,31.94572,35.27924696,28.61219439,1,32.517723,35.01689784,30.01854833,0,34.994034,37.31256978,32.67549784,1,31.546463,34.78833264,28.30459339,1,34.36464,43.01328944,25.71598912,2
325,21-08-2023,31.92685,35.26049896,28.59319977,0,32.39082,34.89008675,29.89155234,0,34.725452,37.04407416,32.40683068,0,31.589483,34.83147281,28.34749371,0,34.52703,43.17600104,25.87806085,2
326,22-08-2023,32.033028,35.36680141,28.69925389,0,32.158176,34.65753671,29.65881613,0,35.149925,37.46863333,32.83121714,0,30.448938,33.69104867,27.20682807,0,34.48557,43.13486122,25.83627678,2
327,23-08-2023,32.088497,35.42239593,28.7545984,0,32.263775,34.76322888,29.76432086,0,35.069996,37.38879092,32.75120084,0,30.443472,33.68570377,27.20124004,0,34.994747,43.64436371,26.34513062,2
328,24-08-2023,32.076324,35.41034908,28.74229984,0,32.403,34.90254824,29.90345152,0,35.080387,37.39926969,32.76150454,0,30.436218,33.67857252,27.193864,0,35.13105,43.78099317,26.48110705,2
329,25-08-2023,32.096622,35.43077378,28.76247115,0,32.20467,34.7043133,29.7050266,0,35.216316,37.53528692,32.89734553,0,30.218498,33.4609757,26.97602076,0,35.11279,43.76306093,26.46251738,2
330,26-08-2023,32.06569,35.39996795,28.73141023,0,32.53383,35.0335677,30.03408977,0,35.465633,37.7846928,33.14657399,0,30.441984,33.68458568,27.19938267,0,34.99588,43.6464828,26.34527745,2
331,27-08-2023,32.015278,35.34968511,28.68087061,0,32.414444,34.91427919,29.91460875,0,35.278515,37.59766356,32.95936616,0,30.524433,33.7671595,27.28170677,0,34.799355,43.45029033,26.14841878,2
332,28-08-2023,31.970943,35.30547993,28.63640697,0,32.774746,35.27467805,30.27481383,0,34.178337,36.49757568,31.85909851,0,31.56213,34.80498202,28.31927793,0,34.74973,43.40100022,26.09845809,2
333,29-08-2023,31.968624,35.30329068,28.63395755,0,31.88489,34.38491923,29.38485997,0,35.23558,37.5549095,32.91625139,0,31.120861,34.3638396,27.8778825,0,34.200394,42.85200223,25.54878513,2
334,30-08-2023,31.987843,35.32264005,28.65304507,0,32.221893,34.7220211,29.72176552,0,35.431126,37.75054576,33.11170552,0,30.270079,33.51318453,27.02697278,0,34.179817,42.83176542,25.52786897,2
335,31-08-2023,31.985044,35.31997373,28.65011522,0,32.434204,34.93443068,29.93397753,0,35.278072,37.59758412,32.95856059,0,30.331549,33.57478271,27.08831467,0,34.417896,43.07018636,25.76560618,2
336,01-09-2023,31.9857,35.32076248,28.65063874,0,32.33923,34.83955558,29.83890359,0,35.153946,37.47354993,32.83434192,0,30.571283,33.81464633,27.32792035,0,34.267693,42.92032672,25.61505841,2
337,02-09-2023,31.96607,35.3012655,28.63087485,0,32.167694,34.66812014,29.66726804,0,35.160427,37.48012392,32.84073027,0,30.439783,33.68327587,27.19629032,0,34.363174,43.01615484,25.71019403,2
338,03-09-2023,31.9581,35.293429,28.62276973,0,32.34438,34.84490617,29.84385268,0,35.16486,37.48465001,32.84506953,0,30.84773,34.09135403,27.60410725,0,34.619232,43.27256103,25.96590333,2
339,04-09-2023,31.945093,35.28055794,28.60962837,0,32.27175,34.77237947,29.77112334,0,35.128803,37.44868749,32.80891902,0,30.566303,33.81005807,27.32254843,0,34.311184,42.96486341,25.65750445,2
340,05-09-2023,31.922306,35.25790683,28.58670529,0,32.445328,34.94605778,29.94459774,0,35.146786,37.46676456,32.82680691,0,30.602606,33.84649289,27.35871875,0,34.47681,43.13084276,25.82277815,2
341,06-09-2023,31.940742,35.2764801,28.60500488,0,32.693344,35.19417672,30.19251151,0,35.257946,37.57802001,32.93787202,0,30.67124,33.91526,27.4272197,0,34.303074,42.95746121,25.64868656,2
342,07-09-2023,31.946108,35.28198316,28.61023257,0,32.879158,35.38009385,30.37822219,0,35.598816,37.91898567,33.27864616,0,30.579613,33.82376678,27.33545869,0,34.562363,43.2171072,25.90761814,2
343,08-09-2023,31.93133,35.26734354,28.59531591,0,32.943573,35.44461268,30.44253332,0,35.56524,37.88550505,33.24497285,0,31.348253,34.59254201,28.10396449,0,34.760693,43.41579652,26.10558867,2
344,09-09-2023,31.955719,35.29187218,28.61956581,0,32.199947,34.70109152,29.69880319,0,35.17693,37.49729251,32.85656644,0,31.15189,34.3963141,27.9074655,0,34.915623,43.57108822,26.2601572,2
345,10-09-2023,31.92189,35.25818366,28.58559686,0,32.733013,35.23426244,30.23176387,0,35.14796,37.46842122,32.82750011,0,31.828915,35.0734753,28.58435399,0,34.69647,43.35229764,26.04063907,2
346,11-09-2023,31.896173,35.23260793,28.55973902,0,32.347584,34.84893881,29.84622873,0,35.208332,37.52889073,32.8877734,0,31.246758,34.49145534,28.00205967,0,34.73826,43.39445361,26.08206311,2
347,12-09-2023,31.878765,35.21534146,28.54218875,0,32.12898,34.63044015,29.62751731,0,34.946983,37.2676407,32.62632598,0,31.143345,34.38818071,27.89850904,0,35.134945,43.79150832,26.47838151,2
348,13-09-2023,31.901146,35.23786504,28.56442683,0,31.966906,34.46847403,29.46533715,0,35.0279,37.34865734,32.70714405,0,30.839863,34.08483748,27.59488817,0,35.083893,43.74082657,26.42695907,2
349,14-09-2023,31.884958,35.22182096,28.54809558,0,31.982906,34.48458243,29.48123025,0,34.960594,37.28145069,32.63973767,0,31.302872,34.547986,28.05775741,0,35.271862,43.92916831,26.61455575,2
350,15-09-2023,31.899128,35.23613508,28.56212084,0,32.485413,34.98719697,29.98362823,0,35.076656,37.39761331,32.75569938,0,31.362808,34.60806298,28.11755347,0,35.22951,43.88719226,26.57183026,2
351,16-09-2023,31.87848,35.21563331,28.54132852,0,32.1511,34.65299344,29.64920687,0,35.17454,37.49559948,32.85348347,0,31.474712,34.72010841,28.22931634,0,35.211384,43.86944173,26.55332591,2
352,17-09-2023,31.866953,35.20425141,28.52965438,0,32.21607,34.7180711,29.71406544,0,34.192593,36.51375226,31.87143299,0,31.644491,34.89002933,28.39895306,0,35.3832,44.0416386,26.7247646,2
353,18-09-2023,31.85661,35.19405482,28.51916387,0,32.098457,34.60057034,29.59634433,0,34.163948,36.48520991,31.84268621,0,33.29521,36.54089285,30.04953074,0,35.43834,44.09715752,26.77952095,2
354,19-09-2023,31.860336,35.19792958,28.52274303,0,32.02422,34.52644333,29.5219957,0,34.8178,37.13916326,32.49643396,0,30.50014,33.74596403,27.25431444,0,35.36019,44.0193931,26.70098959,2
355,20-09-2023,31.88816,35.22590263,28.55041878,0,32.49599,34.99832601,29.99365549,0,35.0325,37.35396926,32.71103318,0,30.506823,33.75279194,27.26085323,0,35.62954,44.2891269,26.96995208,2
356,21-09-2023,31.962461,35.30035289,28.62457006,0,32.76559,35.268038,30.26314333,0,35.224583,37.54615468,32.90301066,0,30.576395,33.82250977,27.3302803,0,35.529697,44.18967267,26.86972217,2
357,22-09-2023,31.95035,35.28839155,28.61230806,0,32.582005,35.08456459,30.07944451,0,35.26154,37.58321603,32.93986289,0,30.721268,33.96752863,27.47500677,0,35.945568,44.60593336,27.2852028,2
358,23-09-2023,31.920061,35.25825403,28.58186819,0,32.58798,35.09065174,30.08530499,0,35.38284,37.70462092,33.06105749,0,30.553717,33.80012461,27.30730871,0,36.252815,44.91357274,27.59205775,2
359,24-09-2023,31.936775,35.27512015,28.59843027,0,32.8177,35.32048678,30.31491209,0,35.417027,37.73891396,33.09513908,0,30.676577,33.9231324,27.43002083,0,36.39042,45.0515709,27.72926711,2
